TDSFU Daily run: Thu Oct 23 10:45:40 UTC 2025 TDSFU
TDSFU Daily run: Fri Oct 24 04:35:24 UTC 2025 TDSFU
TDSFU Daily run: Sat Oct 25 04:33:43 UTC 2025 TDSFU
TDSFU Daily run: Sun Oct 26 04:33:53 UTC 2025 TDSFU
TDSFU Daily run: Mon Oct 27 04:43:07 UTC 2025 TDSFU
TDSFU Daily run: Tue Oct 28 04:36:29 UTC 2025 TDSFU
TDSFU Daily run: Wed Oct 29 04:41:35 UTC 2025 TDSFU
TDSFU Daily run: Thu Oct 30 04:35:53 UTC 2025 TDSFU
TDSFU Daily run: Fri Oct 31 04:38:29 UTC 2025 TDSFU
TDSFU Daily run: Sat Nov  1 04:33:11 UTC 2025 TDSFU
TDSFU Daily run: Sun Nov  2 04:35:53 UTC 2025 TDSFU
TDSFU Daily run: Mon Nov  3 04:42:33 UTC 2025 TDSFU
TDSFU Daily run: Tue Nov  4 04:35:59 UTC 2025 TDSFU
TDSFU Daily run: Wed Nov  5 04:36:45 UTC 2025 TDSFU
